product_id,title,ship,departing_from,departure_port_code,destination,duration,ports_of_call,booking_dates_count,price_from_usd,taxes_fees_usd,total_price_usd,currency,booking_url,whats_included,page
3_singapore,3-Night Cruise from Singapore,Disney Adventure,Singapore,SIN,Singapore,3-night,SIN -> AT_SEA -> AT_SEA -> SIN,64,"$1,041.60",$99.90,"$1,141.50",USD,https://disneycruise.disney.go.com/en-in/cruises-destinations/list/?filteredPort=ports_singapore,"Full Board Dining, World-Class Disney Entertainment, Character Experiences, Themed Youth Clubs, Pools & Recreation",1
3_baja_san_diego,3-Night Baja Cruise from San Diego,Disney Wonder,"San Diego, California",SAN,Mexico / Baja,3-night,SAN -> AT_SEA -> ESE -> SAN,21,$890.40,$337.76,"$1,228.16",USD,https://disneycruise.disney.go.com/en-in/cruises-destinations/list/?filteredPort=ports_san-diego-california,"Full Board Dining, World-Class Disney Entertainment, Character Experiences, Themed Youth Clubs, Pools & Recreation",1
4_baja_san_diego,4-Night Baja Cruise from San Diego,Disney Wonder,"San Diego, California",SAN,Mexico / Baja,4-night,SAN -> AT_SEA -> ESE -> AT_SEA -> SAN,9,$957.60,$337.76,"$1,295.36",USD,https://disneycruise.disney.go.com/en-in/cruises-destinations/list/?filteredPort=ports_san-diego-california,"Full Board Dining, World-Class Disney Entertainment, Character Experiences, Themed Youth Clubs, Pools & Recreation",1
3_baja_san_diego_merrytime,3-Night Very Merrytime Baja Cruise from San Diego,Disney Wonder,"San Diego, California",SAN,Mexico / Baja,3-night,SAN -> AT_SEA -> ESE -> SAN,4,"$1,008.00",$332.66,"$1,340.66",USD,https://disneycruise.disney.go.com/en-in/cruises-destinations/list/?filteredPort=ports_san-diego-california,"Full Board Dining, World-Class Disney Entertainment, Character Experiences, Themed Youth Clubs, Pools & Recreation",1
4_singapore,4-Night Cruise from Singapore,Disney Adventure,Singapore,SIN,Singapore,4-night,SIN -> AT_SEA -> AT_SEA -> AT_SEA -> SIN,38,"$1,280.00",$99.90,"$1,379.90",USD,https://disneycruise.disney.go.com/en-in/cruises-destinations/list/?filteredPort=ports_singapore,"Full Board Dining, World-Class Disney Entertainment, Character Experiences, Themed Youth Clubs, Pools & Recreation",2
3_bahamian_fort_lauderdale,3-Night Bahamian Cruise from Fort Lauderdale,Disney Dream,"Fort Lauderdale, Florida",PEF,Bahamas,3-night,PEF -> LPT -> AT_SEA -> PEF,3,"$1,194.00",$263.58,"$1,457.58",USD,https://disneycruise.disney.go.com/en-in/cruises-destinations/list/?filteredPort=ports_fort-lauderdale-florida,"Full Board Dining, World-Class Disney Entertainment, Character Experiences, Themed Youth Clubs, Pools & Recreation",2
4_baja_san_diego_merrytime,4-Night Very Merrytime Baja Cruise from San Diego,Disney Wonder,"San Diego, California",SAN,Mexico / Baja,4-night,SAN -> AT_SEA -> ESE -> AT_SEA -> SAN,1,"$1,184.00",$332.66,"$1,516.66",USD,https://disneycruise.disney.go.com/en-in/cruises-destinations/list/?filteredPort=ports_san-diego-california,"Full Board Dining, World-Class Disney Entertainment, Character Experiences, Themed Youth Clubs, Pools & Recreation",2
4_langkawi_singapore,4-Night Langkawi Cruise from Singapore,Disney Adventure,Singapore,SIN,Singapore,4-night,SIN -> AT_SEA -> LAN -> AT_SEA -> SIN,27,"$1,384.00",$149.26,"$1,533.26",USD,https://disneycruise.disney.go.com/en-in/cruises-destinations/list/?filteredPort=ports_singapore,"Full Board Dining, World-Class Disney Entertainment, Character Experiences, Themed Youth Clubs, Pools & Recreation",2
3_bahamian_fort_lauderdale_merrytime,3-Night Very Merrytime Bahamian Cruise from Fort Lauderdale,Disney Dream,"Fort Lauderdale, Florida",PEF,Bahamas,3-night,PEF -> LPT -> NAS -> PEF,9,"$1,260.00",$274.00,"$1,534.00",USD,https://disneycruise.disney.go.com/en-in/cruises-destinations/list/?filteredPort=ports_fort-lauderdale-florida,"Full Board Dining, World-Class Disney Entertainment, Character Experiences, Themed Youth Clubs, Pools & Recreation",3
4_baja_san_diego_halloween,4-Night Halloween on the High Seas Baja Cruise from San Diego,Disney Wonder,"San Diego, California",SAN,Mexico / Baja,4-night,SAN -> AT_SEA -> ESE -> AT_SEA -> SAN,1,"$1,216.00",$332.66,"$1,548.66",USD,https://disneycruise.disney.go.com/en-in/cruises-destinations/list/?filteredPort=ports_san-diego-california,"Full Board Dining, World-Class Disney Entertainment, Character Experiences, Themed Youth Clubs, Pools & Recreation",3
3_baja_san_diego_halloween,3-Night Halloween on the High Seas Baja Cruise from San Diego,"Disney Magic, Disney Wonder","San Diego, California",SAN,Mexico / Baja,3-night,SAN -> AT_SEA -> ESE -> SAN,8,"$1,266.00",$332.66,"$1,598.66",USD,https://disneycruise.disney.go.com/en-in/cruises-destinations/list/?filteredPort=ports_san-diego-california,"Full Board Dining, World-Class Disney Entertainment, Character Experiences, Themed Youth Clubs, Pools & Recreation",3
4_pacific_coast_san_diego_vancouver,4-Night Pacific Coast Cruise from San Diego ending in Vancouver,"Disney Magic, Disney Wonder","San Diego, California",SAN,Pacific Coast,4-night,SAN -> AT_SEA -> AT_SEA -> AT_SEA -> VAN,3,"$1,424.00",$232.64,"$1,656.64",USD,https://disneycruise.disney.go.com/en-in/cruises-destinations/list/?filteredPort=ports_san-diego-california,"Full Board Dining, World-Class Disney Entertainment, Character Experiences, Themed Youth Clubs, Pools & Recreation",3
4_pacific_coast_vancouver_san_diego,4-Night Pacific Coast Cruise from Vancouver ending in San Diego,"Disney Magic, Disney Wonder","Vancouver (British Columbia), Canada",VAN,Pacific Coast,4-night,VAN -> AT_SEA -> AT_SEA -> AT_SEA -> SAN,2,"$1,448.00",$267.84,"$1,715.84",USD,https://disneycruise.disney.go.com/en-in/cruises-destinations/list/?filteredPort=ports_vancouver-(british-columbia)-canada,"Full Board Dining, World-Class Disney Entertainment, Character Experiences, Themed Youth Clubs, Pools & Recreation",4
4_western_caribbean_galveston_merrytime,4-Night Very Merrytime Western Caribbean Cruise from Galveston,Disney Magic,"Galveston, Texas",GLS,Caribbean,4-night,GLS -> AT_SEA -> PGO -> AT_SEA -> GLS,5,"$1,488.00",$233.98,"$1,721.98",USD,https://disneycruise.disney.go.com/en-in/cruises-destinations/list/?filteredPort=ports_galveston-texas,"Full Board Dining, World-Class Disney Entertainment, Character Experiences, Themed Youth Clubs, Pools & Recreation",4
5_mexican_riviera_san_diego_halloween,5-Night Halloween on the High Seas Mexican Riviera Cruise from San Diego,"Disney Magic, Disney Wonder","San Diego, California",SAN,Mexico / Baja,5-night,SAN -> AT_SEA -> CSL -> AT_SEA -> ESE -> SAN,4,"$1,350.00",$384.96,"$1,734.96",USD,https://disneycruise.disney.go.com/en-in/cruises-destinations/list/?filteredPort=ports_san-diego-california,"Full Board Dining, World-Class Disney Entertainment, Character Experiences, Themed Youth Clubs, Pools & Recreation",4
3_bahamian_port_canaveral,3-Night Bahamian Cruise from Port Canaveral,"Disney Dream, Disney Fantasy, Disney Wish","Port Canaveral, Florida",PCV,Bahamas,3-night,PCV -> NAS -> GOC -> PCV,56,"$1,518.00",$232.06,"$1,750.06",USD,https://disneycruise.disney.go.com/en-in/cruises-destinations/list/?filteredPort=ports_port-canaveral-florida,"Full Board Dining, World-Class Disney Entertainment, Character Experiences, Themed Youth Clubs, Pools & Recreation",4
4_bahamian_fort_lauderdale_halloween,4-Night Halloween on the High Seas Bahamian Cruise from Fort Lauderdale,"Disney Destiny, Disney Dream","Fort Lauderdale, Florida",PEF,Bahamas,4-night,PEF -> LPT -> NAS -> AT_SEA -> PEF,4,"$1,488.00",$274.00,"$1,762.00",USD,https://disneycruise.disney.go.com/en-in/cruises-destinations/list/?filteredPort=ports_fort-lauderdale-florida,"Full Board Dining, World-Class Disney Entertainment, Character Experiences, Themed Youth Clubs, Pools & Recreation",5
4_western_caribbean_galveston,4-Night Western Caribbean Cruise from Galveston,Disney Magic,"Galveston, Texas",GLS,Caribbean,4-night,GLS -> AT_SEA -> PGO -> AT_SEA -> GLS,13,"$1,560.00",$253.26,"$1,813.26",USD,https://disneycruise.disney.go.com/en-in/cruises-destinations/list/?filteredPort=ports_galveston-texas,"Full Board Dining, World-Class Disney Entertainment, Character Experiences, Themed Youth Clubs, Pools & Recreation",5
3_bahamian_fort_lauderdale_halloween,3-Night Halloween on the High Seas Bahamian Cruise from Fort Lauderdale,"Disney Destiny, Disney Dream","Fort Lauderdale, Florida",PEF,Bahamas,3-night,PEF -> LPT -> NAS -> PEF,4,"$1,572.00",$274.00,"$1,846.00",USD,https://disneycruise.disney.go.com/en-in/cruises-destinations/list/?filteredPort=ports_fort-lauderdale-florida,"Full Board Dining, World-Class Disney Entertainment, Character Experiences, Themed Youth Clubs, Pools & Recreation",5
4_bahamian_fort_lauderdale_merrytime,4-Night Very Merrytime Bahamian Cruise from Fort Lauderdale,"Disney Destiny, Disney Dream","Fort Lauderdale, Florida",PEF,Bahamas,4-night,PEF -> AT_SEA -> LPT -> GOC -> PEF,8,"$1,592.00",$260.16,"$1,852.16",USD,https://disneycruise.disney.go.com/en-in/cruises-destinations/list/?filteredPort=ports_fort-lauderdale-florida,"Full Board Dining, World-Class Disney Entertainment, Character Experiences, Themed Youth Clubs, Pools & Recreation",5
4_bahamian_fort_lauderdale,4-Night Bahamian Cruise from Fort Lauderdale,"Disney Destiny, Disney Dream, Disney Fantasy","Fort Lauderdale, Florida",PEF,Bahamas,4-night,PEF -> LPT -> NAS -> AT_SEA -> PEF,22,"$1,600.00",$274.00,"$1,874.00",USD,https://disneycruise.disney.go.com/en-in/cruises-destinations/list/?filteredPort=ports_fort-lauderdale-florida,"Full Board Dining, World-Class Disney Entertainment, Character Experiences, Themed Youth Clubs, Pools & Recreation",6
5_mexican_riviera_san_diego_merrytime,5-Night Very Merrytime Mexican Riviera Cruise from San Diego,Disney Wonder,"San Diego, California",SAN,Mexico / Baja,5-night,SAN -> AT_SEA -> CSL -> AT_SEA -> ESE -> SAN,2,"$1,500.00",$384.96,"$1,884.96",USD,https://disneycruise.disney.go.com/en-in/cruises-destinations/list/?filteredPort=ports_san-diego-california,"Full Board Dining, World-Class Disney Entertainment, Character Experiences, Themed Youth Clubs, Pools & Recreation",6
3_bahamian_port_canaveral_merrytime,3-Night Very Merrytime Bahamian Cruise from Port Canaveral,"Disney Dream, Disney Wish","Port Canaveral, Florida",PCV,Bahamas,3-night,PCV -> NAS -> GOC -> PCV,13,"$1,656.00",$232.06,"$1,888.06",USD,https://disneycruise.disney.go.com/en-in/cruises-destinations/list/?filteredPort=ports_port-canaveral-florida,"Full Board Dining, World-Class Disney Entertainment, Character Experiences, Themed Youth Clubs, Pools & Recreation",6
3_bahamian_port_canaveral_halloween,3-Night Halloween on the High Seas Bahamian Cruise from Port Canaveral,"Disney Dream, Disney Wish","Port Canaveral, Florida",PCV,Bahamas,3-night,PCV -> NAS -> GOC -> PCV,12,"$1,716.00",$237.28,"$1,953.28",USD,https://disneycruise.disney.go.com/en-in/cruises-destinations/list/?filteredPort=ports_port-canaveral-florida,"Full Board Dining, World-Class Disney Entertainment, Character Experiences, Themed Youth Clubs, Pools & Recreation",7
6_mexican_riviera_san_diego_merrytime,6-Night Very Merrytime Mexican Riviera Cruise from San Diego,Disney Wonder,"San Diego, California",SAN,Mexico / Baja,6-night,SAN -> ESE -> AT_SEA -> CSL -> AT_SEA -> AT_SEA -> SAN,1,"$1,608.00",$384.96,"$1,992.96",USD,https://disneycruise.disney.go.com/en-in/cruises-destinations/list/?filteredPort=ports_san-diego-california,"Full Board Dining, World-Class Disney Entertainment, Character Experiences, Themed Youth Clubs, Pools & Recreation",7
4_bahamian_port_canaveral_halloween,4-Night Halloween on the High Seas Bahamian Cruise from Port Canaveral,"Disney Dream, Disney Fantasy, Disney Wish","Port Canaveral, Florida",PCV,Bahamas,4-night,PCV -> GOC -> LPT -> AT_SEA -> PCV,15,"$1,792.00",$204.68,"$1,996.68",USD,https://disneycruise.disney.go.com/en-in/cruises-destinations/list/?filteredPort=ports_port-canaveral-florida,"Full Board Dining, World-Class Disney Entertainment, Character Experiences, Themed Youth Clubs, Pools & Recreation",7
5_western_caribbean_galveston_merrytime,5-Night Very Merrytime Western Caribbean Cruise from Galveston,Disney Magic,"Galveston, Texas",GLS,Caribbean,5-night,GLS -> AT_SEA -> CZM -> PGO -> AT_SEA -> GLS,9,"$1,730.00",$290.26,"$2,020.26",USD,https://disneycruise.disney.go.com/en-in/cruises-destinations/list/?filteredPort=ports_galveston-texas,"Full Board Dining, World-Class Disney Entertainment, Character Experiences, Themed Youth Clubs, Pools & Recreation",7
6_mexican_riviera_san_diego_halloween,6-Night Halloween on the High Seas Mexican Riviera Cruise from San Diego,"Disney Magic, Disney Wonder","San Diego, California",SAN,Mexico / Baja,6-night,SAN -> ESE -> AT_SEA -> CSL -> AT_SEA -> AT_SEA -> SAN,4,"$1,644.00",$384.96,"$2,028.96",USD,https://disneycruise.disney.go.com/en-in/cruises-destinations/list/?filteredPort=ports_san-diego-california,"Full Board Dining, World-Class Disney Entertainment, Character Experiences, Themed Youth Clubs, Pools & Recreation",7
4_bahamian_port_canaveral,4-Night Bahamian Cruise from Port Canaveral,"Disney Destiny, Disney Dream, Disney Wish","Port Canaveral, Florida",PCV,Bahamas,4-night,PCV -> NAS -> GOC -> AT_SEA -> PCV,36,"$1,856.00",$231.96,"$2,087.96",USD,https://disneycruise.disney.go.com/en-in/cruises-destinations/list/?filteredPort=ports_port-canaveral-florida,"Full Board Dining, World-Class Disney Entertainment, Character Experiences, Themed Youth Clubs, Pools & Recreation",8
4_western_caribbean_galveston_marvel,4-Night Western Caribbean Cruise from Galveston with Marvel Days at Sea,Disney Magic,"Galveston, Texas",GLS,Caribbean,4-night,GLS -> AT_SEA -> PGO -> AT_SEA -> GLS,3,"$1,864.00",$244.08,"$2,108.08",USD,https://disneycruise.disney.go.com/en-in/cruises-destinations/list/?filteredPort=ports_galveston-texas,"Full Board Dining, World-Class Disney Entertainment, Character Experiences, Themed Youth Clubs, Pools & Recreation",8
4_bahamian_port_canaveral_merrytime,4-Night Very Merrytime Bahamian Cruise from Port Canaveral,"Disney Destiny, Disney Dream, Disney Fantasy, Disney Wish","Port Canaveral, Florida",PCV,Bahamas,4-night,PCV -> AT_SEA -> LPT -> GOC -> PCV,14,"$1,992.00",$204.68,"$2,196.68",USD,https://disneycruise.disney.go.com/en-in/cruises-destinations/list/?filteredPort=ports_port-canaveral-florida,"Full Board Dining, World-Class Disney Entertainment, Character Experiences, Themed Youth Clubs, Pools & Recreation",9
5_baja_san_diego,5-Night Baja Cruise from San Diego,"Disney Magic, Disney Wonder","San Diego, California",SAN,Mexico / Baja,5-night,SAN -> CKI -> ESE -> AT_SEA -> AT_SEA -> SAN,4,"$1,830.00",$391.56,"$2,221.56",USD,https://disneycruise.disney.go.com/en-in/cruises-destinations/list/?filteredPort=ports_san-diego-california,"Full Board Dining, World-Class Disney Entertainment, Character Experiences, Themed Youth Clubs, Pools & Recreation",9
5_baja_san_diego_merrytime,5-Night Very Merrytime Baja Cruise from San Diego,Disney Wonder,"San Diego, California",SAN,Mexico / Baja,5-night,SAN -> AT_SEA -> CKI -> ESE -> AT_SEA -> SAN,2,"$1,870.00",$388.70,"$2,258.70",USD,https://disneycruise.disney.go.com/en-in/cruises-destinations/list/?filteredPort=ports_san-diego-california,"Full Board Dining, World-Class Disney Entertainment, Character Experiences, Themed Youth Clubs, Pools & Recreation",9
5_western_caribbean_galveston,5-Night Western Caribbean Cruise from Galveston,Disney Magic,"Galveston, Texas",GLS,Caribbean,5-night,GLS -> AT_SEA -> CZM -> PGO -> AT_SEA -> GLS,14,"$1,970.00",$309.66,"$2,279.66",USD,https://disneycruise.disney.go.com/en-in/cruises-destinations/list/?filteredPort=ports_galveston-texas,"Full Board Dining, World-Class Disney Entertainment, Character Experiences, Themed Youth Clubs, Pools & Recreation",10
5_mexican_riviera_san_diego,5-Night Mexican Riviera Cruise from San Diego,Disney Wonder,"San Diego, California",SAN,Mexico / Baja,5-night,SAN -> AT_SEA -> CSL -> AT_SEA -> ESE -> SAN,2,"$1,870.00",$413.82,"$2,283.82",USD,https://disneycruise.disney.go.com/en-in/cruises-destinations/list/?filteredPort=ports_san-diego-california,"Full Board Dining, World-Class Disney Entertainment, Character Experiences, Themed Youth Clubs, Pools & Recreation",10
5_western_caribbean_galveston_marvel,5-Night Western Caribbean Cruise from Galveston with Marvel Days at Sea,Disney Magic,"Galveston, Texas",GLS,Caribbean,5-night,GLS -> AT_SEA -> CZM -> PGO -> AT_SEA -> GLS,5,"$2,000.00",$301.40,"$2,301.40",USD,https://disneycruise.disney.go.com/en-in/cruises-destinations/list/?filteredPort=ports_galveston-texas,"Full Board Dining, World-Class Disney Entertainment, Character Experiences, Themed Youth Clubs, Pools & Recreation",10
5_baja_san_diego_halloween,5-Night Halloween on the High Seas Baja Cruise from San Diego,Disney Magic,"San Diego, California",SAN,Mexico / Baja,5-night,SAN -> AT_SEA -> AT_SEA -> CKI -> ESE -> SAN,1,"$1,930.00",$391.56,"$2,321.56",USD,https://disneycruise.disney.go.com/en-in/cruises-destinations/list/?filteredPort=ports_san-diego-california,"Full Board Dining, World-Class Disney Entertainment, Character Experiences, Themed Youth Clubs, Pools & Recreation",10
5_bahamian_port_canaveral_halloween,5-Night Halloween on the High Seas Bahamian Cruise from Port Canaveral,Disney Fantasy,"Port Canaveral, Florida",PCV,Bahamas,5-night,PCV -> AT_SEA -> LPT -> NAS -> GOC -> PCV,9,"$2,210.00",$230.10,"$2,440.10",USD,https://disneycruise.disney.go.com/en-in/cruises-destinations/list/?filteredPort=ports_port-canaveral-florida,"Full Board Dining, World-Class Disney Entertainment, Character Experiences, Themed Youth Clubs, Pools & Recreation",11
5_bahamian_port_canaveral,5-Night Bahamian Cruise from Port Canaveral,"Disney Destiny, Disney Fantasy","Port Canaveral, Florida",PCV,Bahamas,5-night,PCV -> GOC -> LPT -> NAS -> AT_SEA -> PCV,36,"$2,210.00",$230.10,"$2,440.10",USD,https://disneycruise.disney.go.com/en-in/cruises-destinations/list/?filteredPort=ports_port-canaveral-florida,"Full Board Dining, World-Class Disney Entertainment, Character Experiences, Themed Youth Clubs, Pools & Recreation",11
5_western_fort_lauderdale,5-Night Western Caribbean Cruise from Fort Lauderdale,"Disney Destiny, Disney Dream","Fort Lauderdale, Florida",PEF,Caribbean,5-night,PEF -> AT_SEA -> CZM -> AT_SEA -> GOC -> PEF,16,"$2,160.00",$352.64,"$2,512.64",USD,https://disneycruise.disney.go.com/en-in/cruises-destinations/list/?filteredPort=ports_fort-lauderdale-florida,"Full Board Dining, World-Class Disney Entertainment, Character Experiences, Themed Youth Clubs, Pools & Recreation",12
7_mexican_riviera_halloween,7-Night Halloween on the High Seas Mexican Riviera Cruise from San Diego,Disney Magic,"San Diego, California",SAN,Mexico / Baja,7-night,SAN -> AT_SEA -> AT_SEA -> PVR -> CSL -> AT_SEA -> ESE -> SAN,2,"$2,114.00",$413.00,"$2,527.00",USD,https://disneycruise.disney.go.com/en-in/cruises-destinations/list/?filteredPort=ports_san-diego-california,"Full Board Dining, World-Class Disney Entertainment, Character Experiences, Themed Youth Clubs, Pools & Recreation",12
5_western_caribbean_fort_lauderdale_halloween,5-Night Halloween on the High Seas Western Caribbean Cruise from Fort Lauderdale,Disney Destiny,"Fort Lauderdale, Florida",PEF,Caribbean,5-night,PEF -> AT_SEA -> CZM -> AT_SEA -> GOC -> PEF,4,"$2,190.00",$342.56,"$2,532.56",USD,https://disneycruise.disney.go.com/en-in/cruises-destinations/list/?filteredPort=ports_fort-lauderdale-florida,"Full Board Dining, World-Class Disney Entertainment, Character Experiences, Themed Youth Clubs, Pools & Recreation",13
4_eastern_caribbean_fort_lauderdale_san_juan,4-Night Eastern Caribbean Cruise from Fort Lauderdale ending in San Juan,Disney Dream,"Fort Lauderdale, Florida",PEF,Caribbean,4-night,PEF -> GOC -> LPT -> AT_SEA -> SJU,1,"$2,352.00",$232.08,"$2,584.08",USD,https://disneycruise.disney.go.com/en-in/cruises-destinations/list/?filteredPort=ports_fort-lauderdale-florida,"Full Board Dining, World-Class Disney Entertainment, Character Experiences, Themed Youth Clubs, Pools & Recreation",13
6_mexican_riviera_san_diego,6-Night Mexican Riviera Cruise from San Diego,Disney Wonder,"San Diego, California",SAN,Mexico / Baja,6-night,SAN -> AT_SEA -> AT_SEA -> CSL -> AT_SEA -> ESE -> SAN,2,"$2,208.00",$397.52,"$2,605.52",USD,https://disneycruise.disney.go.com/en-in/cruises-destinations/list/?filteredPort=ports_san-diego-california,"Full Board Dining, World-Class Disney Entertainment, Character Experiences, Themed Youth Clubs, Pools & Recreation",13
4_san_juan_port_canaveral,4-Night Eastern Caribbean Cruise from San Juan ending in Port Canaveral,"Disney Dream, Disney Wish","San Juan, Puerto Rico",SJU,Caribbean,4-night,SJU -> AT_SEA -> LPT -> GOC -> PCV,2,"$2,392.00",$229.88,"$2,621.88",USD,https://disneycruise.disney.go.com/en-in/cruises-destinations/list/?filteredPort=ports_san-juan-puerto-rico,"Full Board Dining, World-Class Disney Entertainment, Character Experiences, Themed Youth Clubs, Pools & Recreation",13
5_western_caribbean_port_canaveral_merrytime,5-Night Very Merrytime Western Caribbean Cruise from Port Canaveral,"Disney Destiny, Disney Fantasy","Port Canaveral, Florida",PCV,Caribbean,5-night,PCV -> GOC -> AT_SEA -> CZM -> AT_SEA -> PCV,6,"$2,400.00",$284.26,"$2,684.26",USD,https://disneycruise.disney.go.com/en-in/cruises-destinations/list/?filteredPort=ports_port-canaveral-florida,"Full Board Dining, World-Class Disney Entertainment, Character Experiences, Themed Youth Clubs, Pools & Recreation",14
5_bahamian_port_canaveral_merrytime,5-Night Very Merrytime Bahamian Cruise from Port Canaveral,"Disney Destiny, Disney Fantasy","Port Canaveral, Florida",PCV,Bahamas,5-night,PCV -> GOC -> LPT -> NAS -> AT_SEA -> PCV,4,"$2,460.00",$230.10,"$2,690.10",USD,https://disneycruise.disney.go.com/en-in/cruises-destinations/list/?filteredPort=ports_port-canaveral-florida,"Full Board Dining, World-Class Disney Entertainment, Character Experiences, Themed Youth Clubs, Pools & Recreation",14
5_eastern_caribbean_port_canaveral_san_juan_merrytime,5-Night Very Merrytime Eastern Caribbean Cruise from Port Canaveral ending San Juan,Disney Fantasy,"Port Canaveral, Florida",PCV,Caribbean,5-night,PCV -> GOC -> LPT -> AT_SEA -> STT -> SJU,1,"$2,460.00",$243.90,"$2,703.90",USD,https://disneycruise.disney.go.com/en-in/cruises-destinations/list/?filteredPort=ports_port-canaveral-florida,"Full Board Dining, World-Class Disney Entertainment, Character Experiences, Themed Youth Clubs, Pools & Recreation",14
5_eastern_caribbean_san_juan_fort_lauderdale_merrytime,5-Night Very Merrytime Eastern Caribbean Cruise from San Juan ending in Fort Lauderdale,Disney Fantasy,"San Juan, Puerto Rico",SJU,Caribbean,5-night,SJU -> STT -> AT_SEA -> LPT -> GOC -> PEF,1,"$2,440.00",$276.02,"$2,716.02",USD,https://disneycruise.disney.go.com/en-in/cruises-destinations/list/?filteredPort=ports_san-juan-puerto-rico,"Full Board Dining, World-Class Disney Entertainment, Character Experiences, Themed Youth Clubs, Pools & Recreation",14
5_bahamian_fort_lauderdale,5-Night Bahamian Cruise from Fort Lauderdale,"Disney Destiny, Disney Dream","Fort Lauderdale, Florida",PEF,Bahamas,5-night,PEF -> GOC -> AT_SEA -> LPT -> NAS -> PEF,15,"$2,470.00",$274.70,"$2,744.70",USD,https://disneycruise.disney.go.com/en-in/cruises-destinations/list/?filteredPort=ports_fort-lauderdale-florida,"Full Board Dining, World-Class Disney Entertainment, Character Experiences, Themed Youth Clubs, Pools & Recreation",14
5_bahamian_fort_lauderdale_merrytime,5-Night Very Merrytime Bahamian Cruise from Fort Lauderdale,"Disney Destiny, Disney Dream","Fort Lauderdale, Florida",PEF,Bahamas,5-night,PEF -> GOC -> AT_SEA -> LPT -> NAS -> PEF,4,"$2,540.00",$274.70,"$2,814.70",USD,https://disneycruise.disney.go.com/en-in/cruises-destinations/list/?filteredPort=ports_fort-lauderdale-florida,"Full Board Dining, World-Class Disney Entertainment, Character Experiences, Themed Youth Clubs, Pools & Recreation",15
5_western_caribbean_port_canaveral,5-Night Western Caribbean Cruise from Port Canaveral,Disney Fantasy,"Port Canaveral, Florida",PCV,Caribbean,5-night,PCV -> GOC -> AT_SEA -> CZM -> AT_SEA -> PCV,5,"$2,520.00",$309.94,"$2,829.94",USD,https://disneycruise.disney.go.com/en-in/cruises-destinations/list/?filteredPort=ports_port-canaveral-florida,"Full Board Dining, World-Class Disney Entertainment, Character Experiences, Themed Youth Clubs, Pools & Recreation",15
5_western_caribbean_port_canaveral_pdas,5-Night Western Caribbean from Port Canaveral with Pixar Days at Sea,Disney Fantasy,"Port Canaveral, Florida",PCV,Caribbean,5-night,PCV -> GOC -> AT_SEA -> CZM -> AT_SEA -> PCV,1,"$2,760.00",$239.26,"$2,999.26",USD,https://disneycruise.disney.go.com/en-in/cruises-destinations/list/?filteredPort=ports_port-canaveral-florida,"Full Board Dining, World-Class Disney Entertainment, Character Experiences, Themed Youth Clubs, Pools & Recreation",15
7_bahamian_galveston,7-Night Bahamian Cruise from Galveston,Disney Magic,"Galveston, Texas",GLS,Bahamas,7-night,GLS -> AT_SEA -> AT_SEA -> LPT -> GOC -> AT_SEA -> AT_SEA -> GLS,2,"$2,842.00",$250.52,"$3,092.52",USD,https://disneycruise.disney.go.com/en-in/cruises-destinations/list/?filteredPort=ports_galveston-texas,"Full Board Dining, World-Class Disney Entertainment, Character Experiences, Themed Youth Clubs, Pools & Recreation",15
7_mexican_riviera,7-Night Mexican Riviera Cruise from San Diego,Disney Wonder,"San Diego, California",SAN,Mexico / Baja,7-night,SAN -> ESE -> AT_SEA -> CSL -> MZT -> AT_SEA -> AT_SEA -> SAN,1,"$2,674.00",$428.04,"$3,102.04",USD,https://disneycruise.disney.go.com/en-in/cruises-destinations/list/?filteredPort=ports_san-diego-california,"Full Board Dining, World-Class Disney Entertainment, Character Experiences, Themed Youth Clubs, Pools & Recreation",16
5_western_caribbean_port_canaveral_halloween,5-Night Halloween on the High Seas Western Caribbean Cruise from Port Canaveral,Disney Fantasy,"Port Canaveral, Florida",PCV,Caribbean,5-night,PCV -> GOC -> AT_SEA -> CZM -> AT_SEA -> PCV,1,"$2,860.00",$284.26,"$3,144.26",USD,https://disneycruise.disney.go.com/en-in/cruises-destinations/list/?filteredPort=ports_port-canaveral-florida,"Full Board Dining, World-Class Disney Entertainment, Character Experiences, Themed Youth Clubs, Pools & Recreation",16
7_bahamian_galveston_mdas,7-Night Bahamian Cruise from Galveston with Marvel Days at Sea,Disney Magic,"Galveston, Texas",GLS,Bahamas,7-night,GLS -> AT_SEA -> AT_SEA -> NAS -> GOC -> AT_SEA -> AT_SEA -> GLS,2,"$2,870.00",$275.72,"$3,145.72",USD,https://disneycruise.disney.go.com/en-in/cruises-destinations/list/?filteredPort=ports_galveston-texas,"Full Board Dining, World-Class Disney Entertainment, Character Experiences, Themed Youth Clubs, Pools & Recreation",16
7_eastern_caribbean_fort_lauderdale,7-Night Eastern Caribbean Cruise from Fort Lauderdale,Disney Dream,"Fort Lauderdale, Florida",PEF,Caribbean,7-night,PEF -> LPT -> AT_SEA -> SJU -> TOV -> AT_SEA -> AT_SEA -> PEF,2,"$2,856.00",$326.48,"$3,182.48",USD,https://disneycruise.disney.go.com/en-in/cruises-destinations/list/?filteredPort=ports_fort-lauderdale-florida,"Full Board Dining, World-Class Disney Entertainment, Character Experiences, Themed Youth Clubs, Pools & Recreation",17
7_mexican_riviera_san_diego_merrytime,7-Night Very Merrytime Mexican Riviera Cruise from San Diego,Disney Wonder,"San Diego, California",SAN,Mexico / Baja,7-night,SAN -> ESE -> AT_SEA -> CSL -> PVR -> AT_SEA -> AT_SEA -> SAN,2,"$2,758.00",$431.98,"$3,189.98",USD,https://disneycruise.disney.go.com/en-in/cruises-destinations/list/?filteredPort=ports_san-diego-california,"Full Board Dining, World-Class Disney Entertainment, Character Experiences, Themed Youth Clubs, Pools & Recreation",17
5_bahamian_port_canaveral_pixar,5-Night Bahamian Cruise from Port Canaveral with Pixar Days at Sea,Disney Fantasy,"Port Canaveral, Florida",PCV,Bahamas,5-night,PCV -> GOC -> AT_SEA -> LPT -> AT_SEA -> PCV,1,"$3,000.00",$210.88,"$3,210.88",USD,https://disneycruise.disney.go.com/en-in/cruises-destinations/list/?filteredPort=ports_port-canaveral-florida,"Full Board Dining, World-Class Disney Entertainment, Character Experiences, Themed Youth Clubs, Pools & Recreation",17
6_eastern_caribbean_san_juan_port_canaveral,6-Night Eastern Caribbean Cruise from San Juan ending in Port Canaveral,Disney Fantasy,"San Juan, Puerto Rico",SJU,Caribbean,6-night,SJU -> SXM -> STT -> AT_SEA -> LPT -> GOC -> PCV,1,"$2,952.00",$273.64,"$3,225.64",USD,https://disneycruise.disney.go.com/en-in/cruises-destinations/list/?filteredPort=ports_san-juan-puerto-rico,"Full Board Dining, World-Class Disney Entertainment, Character Experiences, Themed Youth Clubs, Pools & Recreation",17
6_bahamian_fort_lauderdale,6-Night Bahamian Cruise from Fort Lauderdale,Disney Fantasy,"Fort Lauderdale, Florida",PEF,Bahamas,6-night,PEF -> LPT -> GOC -> AT_SEA -> LPT -> NAS -> PEF,1,"$2,952.00",$296.32,"$3,248.32",USD,https://disneycruise.disney.go.com/en-in/cruises-destinations/list/?filteredPort=ports_fort-lauderdale-florida,"Full Board Dining, World-Class Disney Entertainment, Character Experiences, Themed Youth Clubs, Pools & Recreation",18
6_eastern_caribbean_fort_lauderdale,6-Night Eastern Caribbean Cruise from Fort Lauderdale,Disney Fantasy,"Fort Lauderdale, Florida",PEF,Caribbean,6-night,PEF -> GOC -> LPT -> AT_SEA -> POP -> AT_SEA -> PEF,4,"$2,964.00",$305.34,"$3,269.34",USD,https://disneycruise.disney.go.com/en-in/cruises-destinations/list/?filteredPort=ports_fort-lauderdale-florida,"Full Board Dining, World-Class Disney Entertainment, Character Experiences, Themed Youth Clubs, Pools & Recreation",18
6_eastern_caribbean_fort_lauderdale_san_juan,6-Night Eastern Caribbean Cruise from Fort Lauderdale ending San Juan,Disney Fantasy,"Fort Lauderdale, Florida",PEF,Caribbean,6-night,PEF -> GOC -> LPT -> AT_SEA -> STT -> SXM -> SJU,1,"$2,976.00",$322.62,"$3,298.62",USD,https://disneycruise.disney.go.com/en-in/cruises-destinations/list/?filteredPort=ports_fort-lauderdale-florida,"Full Board Dining, World-Class Disney Entertainment, Character Experiences, Themed Youth Clubs, Pools & Recreation",18
3_belgium_southampton,3-Night Belgium Cruise from Southampton,Disney Wish,"Southampton, England",SOU,Europe,3-night,SOU -> AT_SEA -> ZEE -> SOU,1,"$3,114.00",$236.00,"$3,350.00",USD,https://disneycruise.disney.go.com/en-in/cruises-destinations/list/?filteredPort=ports_southampton-england,"Full Board Dining, World-Class Disney Entertainment, Character Experiences, Themed Youth Clubs, Pools & Recreation",18
3_northern_europe_southampton,3-Night Northern Europe Cruise from Southampton,Disney Wish,"Southampton, England",SOU,Europe,3-night,SOU -> RTM -> AT_SEA -> SOU,1,"$3,114.00",$248.84,"$3,362.84",USD,https://disneycruise.disney.go.com/en-in/cruises-destinations/list/?filteredPort=ports_southampton-england,"Full Board Dining, World-Class Disney Entertainment, Character Experiences, Themed Youth Clubs, Pools & Recreation",19
7_alaskan_vancouver,7-Night Alaskan Cruise from Vancouver,Disney Magic,"Vancouver (British Columbia), Canada",VAN,Pacific Coast / Alaska,7-night,VAN -> AT_SEA -> DAW -> SGY -> ISP -> KTN -> AT_SEA -> VAN,16,"$2,912.00",$483.34,"$3,395.34",USD,https://disneycruise.disney.go.com/en-in/cruises-destinations/list/?filteredPort=ports_vancouver-(british-columbia)-canada,"Full Board Dining, World-Class Disney Entertainment, Character Experiences, Themed Youth Clubs, Pools & Recreation",19
5_bahamian_fort_lauderdale_halloween,5-Night Halloween on the High Seas Bahamian Cruise from Fort Lauderdale,Disney Destiny,"Fort Lauderdale, Florida",PEF,Bahamas,5-night,PEF -> NAS -> GOC -> LPT -> AT_SEA -> PEF,3,"$3,140.00",$283.34,"$3,423.34",USD,https://disneycruise.disney.go.com/en-in/cruises-destinations/list/?filteredPort=ports_fort-lauderdale-florida,"Full Board Dining, World-Class Disney Entertainment, Character Experiences, Themed Youth Clubs, Pools & Recreation",19
7_western_caribbean_port_canaveral_halloween,7-Night Halloween on the High Seas Western Caribbean Cruise from Port Canaveral,Disney Treasure,"Port Canaveral, Florida",PCV,Caribbean,7-night,PCV -> AT_SEA -> CZM -> GEC -> FMH -> AT_SEA -> GOC -> PCV,6,"$3,066.00",$373.84,"$3,439.84",USD,https://disneycruise.disney.go.com/en-in/cruises-destinations/list/?filteredPort=ports_port-canaveral-florida,"Full Board Dining, World-Class Disney Entertainment, Character Experiences, Themed Youth Clubs, Pools & Recreation",19
7_western_caribbean_fort_lauderdale_halloween,7-Night Halloween on the High Seas Western Caribbean Cruise from Fort Lauderdale,Disney Destiny,"Fort Lauderdale, Florida",PEF,Caribbean,7-night,PEF -> LPT -> AT_SEA -> FMH -> GEC -> CZM -> AT_SEA -> PEF,1,"$3,108.00",$429.98,"$3,537.98",USD,https://disneycruise.disney.go.com/en-in/cruises-destinations/list/?filteredPort=ports_fort-lauderdale-florida,"Full Board Dining, World-Class Disney Entertainment, Character Experiences, Themed Youth Clubs, Pools & Recreation",19
7_western_caribbean_port_canaveral,7-Night Western Caribbean Cruise from Port Canaveral,Disney Treasure,"Port Canaveral, Florida",PCV,Caribbean,7-night,PCV -> AT_SEA -> CZM -> GEC -> FMH -> AT_SEA -> GOC -> PCV,27,"$3,150.00",$391.68,"$3,541.68",USD,https://disneycruise.disney.go.com/en-in/cruises-destinations/list/?filteredPort=ports_port-canaveral-florida,"Full Board Dining, World-Class Disney Entertainment, Character Experiences, Themed Youth Clubs, Pools & Recreation",20
5_bahamian_port_canaveral_dd,5-Night Bahamian Cruise from Port Canaveral with 2 Stops at Castaway Cay,Disney Fantasy,"Port Canaveral, Florida",PCV,Bahamas,5-night,PCV -> GOC -> LPT -> GOC -> AT_SEA -> PCV,4,"$3,340.00",$215.52,"$3,555.52",USD,https://disneycruise.disney.go.com/en-in/cruises-destinations/list/?filteredPort=ports_port-canaveral-florida,"Full Board Dining, World-Class Disney Entertainment, Character Experiences, Themed Youth Clubs, Pools & Recreation",20
7_western_caribbean_port_canaveral_merrytime,7-Night Very Merrytime Western Caribbean Cruise from Port Canaveral,Disney Treasure,"Port Canaveral, Florida",PCV,Caribbean,7-night,PCV -> AT_SEA -> CZM -> GEC -> FMH -> AT_SEA -> GOC -> PCV,6,"$3,234.00",$373.84,"$3,607.84",USD,https://disneycruise.disney.go.com/en-in/cruises-destinations/list/?filteredPort=ports_port-canaveral-florida,"Full Board Dining, World-Class Disney Entertainment, Character Experiences, Themed Youth Clubs, Pools & Recreation",20
7_eastern_caribbean_port_canaveral_halloween,7-Night Halloween on the High Seas Eastern Caribbean Cruise from Port Canaveral,Disney Treasure,"Port Canaveral, Florida",PCV,Caribbean,7-night,PCV -> AT_SEA -> AT_SEA -> TOV -> STT -> AT_SEA -> GOC -> PCV,5,"$3,332.00",$278.92,"$3,610.92",USD,https://disneycruise.disney.go.com/en-in/cruises-destinations/list/?filteredPort=ports_port-canaveral-florida,"Full Board Dining, World-Class Disney Entertainment, Character Experiences, Themed Youth Clubs, Pools & Recreation",21
5_bermuda_new_york_san_juan_halloween,5-Night Halloween on the High Seas Bermuda Cruise from New York ending in San Juan,Disney Wish,"New York, New York",NYC,Bermuda / Canada,5-night,NYC -> AT_SEA -> KWF -> KWF -> AT_SEA -> SJU,1,"$3,090.00",$557.44,"$3,647.44",USD,https://disneycruise.disney.go.com/en-in/cruises-destinations/list/?filteredPort=ports_new-york-new-york,"Full Board Dining, World-Class Disney Entertainment, Character Experiences, Themed Youth Clubs, Pools & Recreation",21
7_eastern_caribbean_port_canaveral,7-Night Eastern Caribbean Cruise from Port Canaveral,Disney Treasure,"Port Canaveral, Florida",PCV,Caribbean,7-night,PCV -> AT_SEA -> AT_SEA -> TOV -> SJU -> AT_SEA -> GOC -> PCV,4,"$3,360.00",$287.68,"$3,647.68",USD,https://disneycruise.disney.go.com/en-in/cruises-destinations/list/?filteredPort=ports_port-canaveral-florida,"Full Board Dining, World-Class Disney Entertainment, Character Experiences, Themed Youth Clubs, Pools & Recreation",21
6_alaskan_vancouver,6-Night Alaskan Cruise from Vancouver,Disney Magic,"Vancouver (British Columbia), Canada",VAN,Pacific Coast / Alaska,6-night,VAN -> AT_SEA -> DAW -> ISP -> KTN -> AT_SEA -> VAN,1,"$3,252.00",$441.06,"$3,693.06",USD,https://disneycruise.disney.go.com/en-in/cruises-destinations/list/?filteredPort=ports_vancouver-(british-columbia)-canada,"Full Board Dining, World-Class Disney Entertainment, Character Experiences, Themed Youth Clubs, Pools & Recreation",22
7_eastern_caribbean_fort_lauderdale_merrytime,7-Night Very Merrytime Eastern Caribbean Cruise from Fort Lauderdale,Disney Dream,"Fort Lauderdale, Florida",PEF,Caribbean,7-night,PEF -> LPT -> AT_SEA -> SJU -> POP -> AT_SEA -> GOC -> PEF,1,"$3,402.00",$328.30,"$3,730.30",USD,https://disneycruise.disney.go.com/en-in/cruises-destinations/list/?filteredPort=ports_fort-lauderdale-florida,"Full Board Dining, World-Class Disney Entertainment, Character Experiences, Themed Youth Clubs, Pools & Recreation",22
4_spain_southampton,4-Night Spain Cruise from Southampton,Disney Wish,"Southampton, England",SOU,Europe,4-night,SOU -> AT_SEA -> BIO -> AT_SEA -> SOU,1,"$3,552.00",$208.20,"$3,760.20",USD,https://disneycruise.disney.go.com/en-in/cruises-destinations/list/?filteredPort=ports_southampton-england,"Full Board Dining, World-Class Disney Entertainment, Character Experiences, Themed Youth Clubs, Pools & Recreation",23
7_eastern_caribbean_fort_lauderdale_halloween,7-Night Halloween on the High Seas Eastern Caribbean Cruise from Fort Lauderdale,Disney Destiny,"Fort Lauderdale, Florida",PEF,Caribbean,7-night,PEF -> LPT -> GOC -> AT_SEA -> SJU -> POP -> AT_SEA -> PEF,1,"$3,458.00",$328.30,"$3,786.30",USD,https://disneycruise.disney.go.com/en-in/cruises-destinations/list/?filteredPort=ports_fort-lauderdale-florida,"Full Board Dining, World-Class Disney Entertainment, Character Experiences, Themed Youth Clubs, Pools & Recreation",23
7_eastern_caribbean_port_canaveral_merrytime,7-Night Very Merrytime Eastern Caribbean Cruise from Port Canaveral,Disney Treasure,"Port Canaveral, Florida",PCV,Caribbean,7-night,PCV -> AT_SEA -> AT_SEA -> STT -> TOV -> AT_SEA -> GOC -> PCV,4,"$3,556.00",$278.92,"$3,834.92",USD,https://disneycruise.disney.go.com/en-in/cruises-destinations/list/?filteredPort=ports_port-canaveral-florida,"Full Board Dining, World-Class Disney Entertainment, Character Experiences, Themed Youth Clubs, Pools & Recreation",23
7_bahamian_fort_lauderdale_dd_merrytime,7-Night Very Merrytime Bahamian Cruise from Fort Lauderdale with 2 stops at Castaway Cay,Disney Destiny,"Fort Lauderdale, Florida",PEF,Bahamas,7-night,PEF -> LPT -> GOC -> AT_SEA -> NAS -> GOC -> AT_SEA -> PEF,1,"$3,724.00",$286.24,"$4,010.24",USD,https://disneycruise.disney.go.com/en-in/cruises-destinations/list/?filteredPort=ports_fort-lauderdale-florida,"Full Board Dining, World-Class Disney Entertainment, Character Experiences, Themed Youth Clubs, Pools & Recreation",24
7_southern_caribbean_san_juan,7-Night Southern Caribbean Cruise from San Juan,Disney Fantasy,"San Juan, Puerto Rico",SJU,Caribbean,7-night,SJU -> AT_SEA -> BGI -> CAS -> RSU -> ANU -> AT_SEA -> SJU,1,"$3,892.00",$278.40,"$4,170.40",USD,https://disneycruise.disney.go.com/en-in/cruises-destinations/list/?filteredPort=ports_san-juan-puerto-rico,"Full Board Dining, World-Class Disney Entertainment, Character Experiences, Themed Youth Clubs, Pools & Recreation",25
6_western_caribbean_port_canaveral,6-Night Western Caribbean Cruise from Port Canaveral,Disney Destiny,"Port Canaveral, Florida",PCV,Caribbean,6-night,PCV -> AT_SEA -> CZM -> GEC -> AT_SEA -> GOC -> PCV,1,"$3,816.00",$368.06,"$4,184.06",USD,https://disneycruise.disney.go.com/en-in/cruises-destinations/list/?filteredPort=ports_port-canaveral-florida,"Full Board Dining, World-Class Disney Entertainment, Character Experiences, Themed Youth Clubs, Pools & Recreation",25
7_southern_caribbean_san_juan_merrytime,7-Night Very Merrytime Southern Caribbean Cruise from San Juan,Disney Fantasy,"San Juan, Puerto Rico",SJU,Caribbean,7-night,SJU -> AT_SEA -> ARU -> CUR -> AT_SEA -> RSU -> ANU -> SJU,1,"$3,920.00",$268.20,"$4,188.20",USD,https://disneycruise.disney.go.com/en-in/cruises-destinations/list/?filteredPort=ports_san-juan-puerto-rico,"Full Board Dining, World-Class Disney Entertainment, Character Experiences, Themed Youth Clubs, Pools & Recreation",25
6_bahamian_port_canaveral_dd,6-Night Bahamian Cruise from Port Canaveral with 2 Stops at Castaway Cay,Disney Treasure,"Port Canaveral, Florida",PCV,Bahamas,6-night,PCV -> GOC -> LPT -> NAS -> AT_SEA -> GOC -> PCV,1,"$4,008.00",$242.84,"$4,250.84",USD,https://disneycruise.disney.go.com/en-in/cruises-destinations/list/?filteredPort=ports_port-canaveral-florida,"Full Board Dining, World-Class Disney Entertainment, Character Experiences, Themed Youth Clubs, Pools & Recreation",25
6_bahamian_fort_lauderdale_merrytime,6-Night Very Merrytime Bahamian Cruise from Fort Lauderdale,Disney Dream,"Fort Lauderdale, Florida",PEF,Bahamas,6-night,PEF -> GOC -> LPT -> AT_SEA -> AT_SEA -> GOC -> PEF,1,"$4,116.00",$260.84,"$4,376.84",USD,https://disneycruise.disney.go.com/en-in/cruises-destinations/list/?filteredPort=ports_fort-lauderdale-florida,"Full Board Dining, World-Class Disney Entertainment, Character Experiences, Themed Youth Clubs, Pools & Recreation",25
6_bahamian_fort_lauderdale_dd_merrytime,6-Night Very Merrytime Bahamian Cruise from Fort Lauderdale with 2 Stops at Castaway Cay,Disney Dream,"Fort Lauderdale, Florida",PEF,Bahamas,6-night,PEF -> LPT -> GOC -> AT_SEA -> NAS -> GOC -> PEF,1,"$4,644.00",$295.92,"$4,939.92",USD,https://disneycruise.disney.go.com/en-in/cruises-destinations/list/?filteredPort=ports_fort-lauderdale-florida,"Full Board Dining, World-Class Disney Entertainment, Character Experiences, Themed Youth Clubs, Pools & Recreation",27
14_panama_canal_san_diego_galveston,14-Night Eastbound Panama Canal Cruise from San Diego ending in Galveston,Disney Magic,"San Diego, California",SAN,Pacific Coast / Baja / Mexican Riviera,14-night,SAN -> AT_SEA -> CSL -> PVR -> AT_SEA -> AT_SEA -> AT_SEA -> AT_SEA -> PTY -> CAR -> AT_SEA -> GEC -> AT_SEA -> AT_SEA -> GLS,1,"$3,920.00","$1,034.26","$4,954.26",USD,https://disneycruise.disney.go.com/en-in/cruises-destinations/list/?filteredPort=ports_san-diego-california,"Full Board Dining, World-Class Disney Entertainment, Character Experiences, Themed Youth Clubs, Pools & Recreation",27
14_westbound_panama_canal_galveston_san_diego,14-Night Westbound Panama Canal Cruise from Galveston ending in San Diego,Disney Magic,"Galveston, Texas",GLS,Western Caribbean,14-night,GLS -> AT_SEA -> AT_SEA -> AT_SEA -> CAR -> ONX -> PTY -> AT_SEA -> AT_SEA -> AT_SEA -> AT_SEA -> CSL -> AT_SEA -> ESE -> SAN,1,"$4,620.00",$441.86,"$5,061.86",USD,https://disneycruise.disney.go.com/en-in/cruises-destinations/list/?filteredPort=ports_galveston-texas,"Full Board Dining, World-Class Disney Entertainment, Character Experiences, Themed Youth Clubs, Pools & Recreation",27
7_bahamian_galveston_merrytime,7-Night Very Merrytime Bahamian Cruise from Galveston,Disney Magic,"Galveston, Texas",GLS,Bahamas,7-night,GLS -> AT_SEA -> AT_SEA -> LPT -> NAS -> AT_SEA -> AT_SEA -> GLS,1,"$4,942.00",$275.50,"$5,217.50",USD,https://disneycruise.disney.go.com/en-in/cruises-destinations/list/?filteredPort=ports_galveston-texas,"Full Board Dining, World-Class Disney Entertainment, Character Experiences, Themed Youth Clubs, Pools & Recreation",27
5_canada_new_england_new_york_halloween,5-Night Halloween on the High Seas Canada & New England Cruise from New York,Disney Wish,"New York, New York",NYC,Bermuda / Canada,5-night,NYC -> AT_SEA -> SJB -> BOS -> AT_SEA -> NYC,1,"$4,790.00",$510.30,"$5,300.30",USD,https://disneycruise.disney.go.com/en-in/cruises-destinations/list/?filteredPort=ports_new-york-new-york,"Full Board Dining, World-Class Disney Entertainment, Character Experiences, Themed Youth Clubs, Pools & Recreation",27
5_spain_southampton,5-Night Spain Cruise from Southampton,Disney Wish,"Southampton, England",SOU,Europe,5-night,SOU -> AT_SEA -> LCG -> BIO -> AT_SEA -> SOU,1,"$5,090.00",$229.68,"$5,319.68",USD,https://disneycruise.disney.go.com/en-in/cruises-destinations/list/?filteredPort=ports_southampton-england,"Full Board Dining, World-Class Disney Entertainment, Character Experiences, Themed Youth Clubs, Pools & Recreation",28
8_alaska_vancouver,8-Night Alaskan Cruise from Vancouver,Disney Magic,"Vancouver (British Columbia), Canada",VAN,Pacific Coast / Alaska,8-night,VAN -> AT_SEA -> DAW -> SGY -> ISP -> SIT -> KTN -> AT_SEA -> VAN,1,"$4,896.00",$512.44,"$5,408.44",USD,https://disneycruise.disney.go.com/en-in/cruises-destinations/list/?filteredPort=ports_vancouver-(british-columbia)-canada,"Full Board Dining, World-Class Disney Entertainment, Character Experiences, Themed Youth Clubs, Pools & Recreation",28
6_bermuda_canada_new_york_halloween,6-Night Halloween on the High Seas Bermuda & Canada Cruise from New York,Disney Wish,"New York, New York",NYC,Bermuda / Canada,6-night,NYC -> AT_SEA -> KWF -> AT_SEA -> HAL -> AT_SEA -> NYC,1,"$4,788.00",$624.62,"$5,412.62",USD,https://disneycruise.disney.go.com/en-in/cruises-destinations/list/?filteredPort=ports_new-york-new-york,"Full Board Dining, World-Class Disney Entertainment, Character Experiences, Themed Youth Clubs, Pools & Recreation",28
7_western_caribbean_fort_lauderdale,7-Night Western Caribbean Cruise from Fort Lauderdale,Disney Destiny,"Fort Lauderdale, Florida",PEF,Caribbean,7-night,PEF -> AT_SEA -> GEC -> FMH -> AT_SEA -> LPT -> NAS -> PEF,1,"$5,138.00",$376.22,"$5,514.22",USD,https://disneycruise.disney.go.com/en-in/cruises-destinations/list/?filteredPort=ports_fort-lauderdale-florida,"Full Board Dining, World-Class Disney Entertainment, Character Experiences, Themed Youth Clubs, Pools & Recreation",29
5_bermuda_new_york_halloween,5-Night Halloween on the High Seas Bermuda Cruise from New York,Disney Wish,"New York, New York",NYC,Bermuda / Canada,5-night,NYC -> AT_SEA -> KWF -> KWF -> AT_SEA -> NYC,2,"$5,140.00",$580.12,"$5,720.12",USD,https://disneycruise.disney.go.com/en-in/cruises-destinations/list/?filteredPort=ports_new-york-new-york,"Full Board Dining, World-Class Disney Entertainment, Character Experiences, Themed Youth Clubs, Pools & Recreation",29
8_eastern_caribbean_fort_lauderdale,8-Night Eastern Caribbean Cruise from Fort Lauderdale,Disney Fantasy,"Fort Lauderdale, Florida",PEF,Caribbean,8-night,PEF -> LPT -> AT_SEA -> SJU -> ANU -> SXM -> AT_SEA -> AT_SEA -> PEF,1,"$5,360.00",$380.30,"$5,740.30",USD,https://disneycruise.disney.go.com/en-in/cruises-destinations/list/?filteredPort=ports_fort-lauderdale-florida,"Full Board Dining, World-Class Disney Entertainment, Character Experiences, Themed Youth Clubs, Pools & Recreation",30
6_western_europe_barcelona_southampton,6-Night Western Europe Cruise from Barcelona ending in Southampton,Disney Wish,"Barcelona, Spain",BCN,Europe,6-night,BCN -> AT_SEA -> GIB -> LIS -> VGO -> AT_SEA -> SOU,1,"$5,820.00",$219.70,"$6,039.70",USD,https://disneycruise.disney.go.com/en-in/cruises-destinations/list/?filteredPort=ports_barcelona-spain,"Full Board Dining, World-Class Disney Entertainment, Character Experiences, Themed Youth Clubs, Pools & Recreation",31
7_mediterranean_barcelona,7-Night Mediterranean Cruise from Barcelona,Disney Wish,"Barcelona, Spain",BCN,Europe (Mediterranean / Western Europe),7-night,BCN -> PMI -> AT_SEA -> NAP -> CVV -> LIV -> AT_SEA -> BCN,2,"$6,230.00",$236.34,"$6,466.34",USD,https://disneycruise.disney.go.com/en-in/cruises-destinations/list/?filteredPort=ports_barcelona-spain,"Full Board Dining, World-Class Disney Entertainment, Character Experiences, Themed Youth Clubs, Pools & Recreation",31
7_british_isles_southampton,7-Night British Isles Cruise from Southampton,Disney Wish,"Southampton, England",SOU,Europe,7-night,SOU -> AT_SEA -> GRK -> LVP -> BFS -> AT_SEA -> PTL -> SOU,1,"$6,076.00",$418.88,"$6,494.88",USD,https://disneycruise.disney.go.com/en-in/cruises-destinations/list/?filteredPort=ports_southampton-england,"Full Board Dining, World-Class Disney Entertainment, Character Experiences, Themed Youth Clubs, Pools & Recreation",31
8_bermuda_fort_lauderdale,8-Night Bermuda Cruise from Fort Lauderdale,Disney Fantasy,"Fort Lauderdale, Florida",PEF,Bahamas / Western Caribbean,8-night,PEF -> AT_SEA -> AT_SEA -> KWF -> KWF -> AT_SEA -> LPT -> GOC -> PEF,1,"$6,128.00",$476.10,"$6,604.10",USD,https://disneycruise.disney.go.com/en-in/cruises-destinations/list/?filteredPort=ports_fort-lauderdale-florida,"Full Board Dining, World-Class Disney Entertainment, Character Experiences, Themed Youth Clubs, Pools & Recreation",32
7_northern_europe_southampton,7-Night Northern Europe Cruise from Southampton,Disney Wish,"Southampton, England",SOU,Europe,7-night,SOU -> RTM -> AT_SEA -> KRS -> COP -> SKA -> AT_SEA -> SOU,1,"$6,566.00",$376.46,"$6,942.46",USD,https://disneycruise.disney.go.com/en-in/cruises-destinations/list/?filteredPort=ports_southampton-england,"Full Board Dining, World-Class Disney Entertainment, Character Experiences, Themed Youth Clubs, Pools & Recreation",32
8_mediterranean_greek_isles_civitavecchia,8-Night Mediterranean Cruise with Greek Isles from Civitavecchia (Rome),Disney Wish,"Civitavecchia (Rome), Italy",CVV,Europe (Mediterranean),8-night,CVV -> AT_SEA -> CHQ -> JTR -> RHO -> JMK -> AT_SEA -> NAP -> CVV,1,"$7,184.00",$320.76,"$7,504.76",USD,https://disneycruise.disney.go.com/en-in/cruises-destinations/list/?filteredPort=ports_civitavecchia-(rome)-italy,"Full Board Dining, World-Class Disney Entertainment, Character Experiences, Themed Youth Clubs, Pools & Recreation",33
9_mediterranean_greek_isles_barcelona_civitavecchia,9-Night Mediterranean with Greek Isles Cruise from Barcelona ending in Civitavecchia (Rome),Disney Wish,"Barcelona, Spain",BCN,Europe (Mediterranean / Western Europe),9-night,BCN -> AT_SEA -> MAL -> AT_SEA -> CHQ -> ATH -> JMK -> AT_SEA -> NAP -> CVV,1,"$7,488.00",$294.94,"$7,782.94",USD,https://disneycruise.disney.go.com/en-in/cruises-destinations/list/?filteredPort=ports_barcelona-spain,"Full Board Dining, World-Class Disney Entertainment, Character Experiences, Themed Youth Clubs, Pools & Recreation",33
7_norwegian_fjords_southampton,7-Night Norwegian Fjords Cruise from Southampton,Disney Wish,"Southampton, England",SOU,Europe,7-night,SOU -> AT_SEA -> KRS -> OLD -> AES -> HAU -> AT_SEA -> SOU,1,"$7,616.00",$266.68,"$7,882.68",USD,https://disneycruise.disney.go.com/en-in/cruises-destinations/list/?filteredPort=ports_southampton-england,"Full Board Dining, World-Class Disney Entertainment, Character Experiences, Themed Youth Clubs, Pools & Recreation",33
8_eastern_caribbean_port_canaveral_merrytime,8-Night Very Merrytime Eastern Caribbean Cruise from Port Canaveral,Disney Treasure,"Port Canaveral, Florida",PCV,Caribbean,8-night,PCV -> AT_SEA -> AT_SEA -> TOV -> STT -> SJU -> AT_SEA -> GOC -> PCV,1,"$7,920.00",$326.28,"$8,246.28",USD,https://disneycruise.disney.go.com/en-in/cruises-destinations/list/?filteredPort=ports_port-canaveral-florida,"Full Board Dining, World-Class Disney Entertainment, Character Experiences, Themed Youth Clubs, Pools & Recreation",34
8_adriatic_sea_greece_civitavecchia,8-Night Adriatic Sea and Greece Cruise from Civitavecchia (Rome),Disney Wish,"Civitavecchia (Rome), Italy",CVV,Europe (Mediterranean),8-night,CVV -> AT_SEA -> CFU -> AT_SEA -> TRS -> ZAD -> DBV -> AT_SEA -> CVV,1,"$8,032.00",$241.50,"$8,273.50",USD,https://disneycruise.disney.go.com/en-in/cruises-destinations/list/?filteredPort=ports_civitavecchia-(rome)-italy,"Full Board Dining, World-Class Disney Entertainment, Character Experiences, Themed Youth Clubs, Pools & Recreation",34
10_mediterranean_greek_isles_civitavecchia_barcelona,10-Night Mediterranean with Greek Isles Cruise from Civitavecchia (Rome) ending in Barcelona,Disney Wish,"Civitavecchia (Rome), Italy",CVV,Europe (Mediterranean),10-night,CVV -> AT_SEA -> AT_SEA -> ATH -> JMK -> RHO -> CHQ -> AT_SEA -> MSN -> AT_SEA -> BCN,1,"$7,980.00",$295.40,"$8,275.40",USD,https://disneycruise.disney.go.com/en-in/cruises-destinations/list/?filteredPort=ports_civitavecchia-(rome)-italy,"Full Board Dining, World-Class Disney Entertainment, Character Experiences, Themed Youth Clubs, Pools & Recreation",34
10_southern_caribbean_port_canaveral,10-Night Southern Caribbean Cruise from Port Canaveral,Disney Fantasy,"Port Canaveral, Florida",PCV,Caribbean,10-night,PCV -> AT_SEA -> AT_SEA -> SXM -> CAS -> ANU -> SJU -> AT_SEA -> LPT -> GOC -> PCV,1,"$8,140.00",$335.26,"$8,475.26",USD,https://disneycruise.disney.go.com/en-in/cruises-destinations/list/?filteredPort=ports_port-canaveral-florida,"Full Board Dining, World-Class Disney Entertainment, Character Experiences, Themed Youth Clubs, Pools & Recreation",34
4_bermuda_new_york,4-Night Bermuda Cruise from New York,Disney Wish,"New York, New York",NYC,Bermuda / Canada,4-night,NYC -> AT_SEA -> KWF -> AT_SEA -> NYC,1,"$25,200.00",$580.02,"$25,780.02",USD,https://disneycruise.disney.go.com/en-in/cruises-destinations/list/?filteredPort=ports_new-york-new-york,"Full Board Dining, World-Class Disney Entertainment, Character Experiences, Themed Youth Clubs, Pools & Recreation",35
